phone,interests
+1104506164270,Looking for affordable apartments in North Riyadh for purchase as alternative to renting
+160012340758,User may be interested in buying instead of renting
+170938265788,Looking for apartment for rent in North Riyadh with budget 70k
+183296289466,"User is interested in properties in North Riyadh with a budget of 120,000 SAR"
+1128024680860,"User is looking for properties (apartment, villa, or floor) but hasn't specified budget or location preference"
+1106802460378,"User is looking for more apartment options, showing interest in exploring different areas"
+182518511752,"User is specifically interested in apartments with a budget of 1,000,000 SAR"
+131148145594,"User has a budget of 1,000,000 SAR"
+1119308632192,"User is interested in properties in Riyadh, showing initial interest in apartments, villas, or floors"
+170456784346,Looking for an apartment in North Riyadh with a budget of 3M SAR
+1106555546818,"User looking for property in Al Narjis or Al Arid areas with driver's room, budget around 2M SAR"
+191456782624,User checking back on previous inquiry about properties in Al Narjis district
+198777769678,"Third follow up with client, showing new properties in Tuwaiq and surrounding areas"
+173703697660,Second follow up with client regarding property in Tuwaiq area
+189098758126,Following up with client after property viewing appointment from Saturday
+1124481471274,User showed gratitude and ended conversation positively after confirming property viewing appointment
+1104148139608,User confirmed viewing appointment for tomorrow at 4 PM for the 325 sqm floor in Tuwaiq area
+187123449646,"User wants to view and visit the 325 sqm floor in Tuwaiq area priced at 770,000 SAR"
+188197523632,User is specifically interested in a 325 sqm independent floor in Tuwaiq area
+191604930760,User is interested in floors or villas specifically in Al Awali or Tuwaiq areas
+145160490124,User is interested in floors or villas
+181111104460,User is looking for properties but has not specified preferences yet
+1152012333214,User ended conversation after being informed about duplex options - seemed not interested in the available options within budget
+1112246904376,"User is interested in duplex properties, open to any location, previous budget range 613,000-839,000 SAR"
+183061721584,User has not found a suitable property yet after previous interaction
+1107172830718,"User asking for confirmation about property location, specifically if it's on a main street"
+1117172829898,User asking for clarification about property type (villa vs floor) and location (street vs compound)
+187407400240,User wants to see more details about the townhouse in Al Narjis priced at 2.7M
+1131185174428,"User showing price sensitivity - questioning if 2.7M is reasonable for a townhouse, comparing it to duplex prices"
+195444436618,User is specifically looking for a large townhouse with 4 bedrooms in North Riyadh
+1152395049232,"Looking for a large floor unit, townhouse, or small duplex villa with 4 bedrooms in Al Narjis or Al Arid neighborhoods. Budget: 2,600,000 SAR"
+168962957308,User expressed disappointment from previous interaction
+135604935352,Initial contact with customer
+1126395051364,"User is interested in villas in East or North Riyadh, specifically looking for ground floor with upper floor"
+139197527650,User is interested in full villas
+1109172830554,User is interested in properties in Al Arija and surrounding areas with budget around 600-700k SAR
+180679005730,User is interested in ground floor properties in Al Suwaidi district
+184987647352,User previously looked for ground floor properties with budget 500-600k SAR
+176901228262,User interested in affordable properties with financing options
+146370366568,User inquired about personal financing
+151580242684,User initiated contact seeking information
+1137728383768,"User particularly interested in two floor apartments in Al-Awali: one at 850k SAR and another at 870k SAR, requesting images"
+1129271594338,"User showing strong interest in three separate floor apartments in Al-Awali, priced between 850k-950k SAR, all 300sqm"
+1110209867506,"User specifically looking for separate floor apartments (not villas) in Al-Awali, minimum 300sqm"
+1126037026702,"User clarified they want apartment floors, not villas, and pointed out incorrect property type suggestion"
+1118456780410,"User interested in viewing images of a 300sqm floor apartment in Al-Awali, priced at 820,000 SAR on a 20m street"
+1138481470126,"User specifically looking for apartment floors in Al-Awali, minimum 300sqm, reasonable price, and street width 20m or more"
+1151148135754,User will review property details and get back - showing interest but not ready for immediate viewing of the townhouse in Al-Awali
+1109234558944,"User requesting to see images of townhouse in Al-Awali, 300sqm on two 25m streets, priced at 1.05M SAR"
+1121987644318,"User requesting images for villa in Al-Ramal, showing interest in visual confirmation before proceeding"
+1120703693806,"User interested in villa in Al-Ramal district, 324sqm, 5 bedrooms, priced at 1.7M SAR with elevator foundation"
+199641967138,"User showed interest in a townhouse in Al-Awali, 300sqm, on two 25m streets, priced at 1M SAR"
+1187518503142,"User interested in villas in Al-Awali district, showing continued interest in properties with specific requirements: street width 20m+, area 300m2+, budget 800k-1.6M SAR"
+1296444420136,User is still looking for their ideal property in العوالي or طويق neighborhoods
+147950613352,User is interested in mortgage financing
+183222215398,User decided to postpone property search due to financial constraints
+171518512654,"No financing options available, needs alternative solutions"
+169666660954,Salary below bank minimum requirement of 5000 SAR for mortgage
+190740733300,"Interested in south or west Riyadh properties, needs guidance based on salary"
+174259253170,"Re-engaging with the platform, looking for property assistance"
+192222214660,User indicates they are still searching for a property but hasn't found one yet
+152234563618,User initiated conversation with a greeting
+1149617271682,"Looking for upper floor apartment with 3 bedrooms, maid room, private roof, 2 parking spots in North/East Riyadh, budget up to 1.5M SAR"
+198148140100,Looking for apartments larger than 250 sqm in North/East Riyadh with budget up to 1.5M SAR
+196246905688,"Looking for larger apartments in North/East Riyadh, current options area too small"
+178938265132,Looking for an apartment in North/East Riyadh with budget up to 1.5M SAR
+168876537562,"Looking for properties in Al Muhaidib district, name: Faisal"
+185135795488,Customer requesting immediate property viewing in Tuwaiq neighborhood
+1150938259228,"Customer postponing further discussion until tomorrow, showing continued interest but preferring to continue at a later time"
+1129679001712,Customer specifying preferred location within 1km of Rukn Al-Azhari and Western Tuwaiq Medical Center landmarks
+1127839495690,"Customer agreeing to continue discussion tomorrow after Asr prayer, showing preference for specific timing"
+1178074059472,"Customer prefers location near family in Tuwaiq, specifically near Rukn Al-Azhari and Western Tuwaiq Medical Center, indicating deep knowledge of the area"
+1135864186390,Customer asking specific details about master bedroom location and courtyard position (front/back) of the property
+1118493817444,"Customer interested but unavailable tomorrow due to work, suggesting alternate viewing time needed"
+1361061698788,"Customer requesting very specific layout in Tuwaiq: 450sqm, separate entrances for men/women/car, 1 master bedroom + 3 rooms with shared bathroom, women's majlis, kitchen, storage, men's majlis with dining room and bathroom, fireplace with bathroom, luxury finishing, Saudi building code compliance and warranties"
+1126567890856,"Customer currently lives behind Al-Awali restaurant in Tuwaiq, asking about distance to suggested property"
+1174666652344,"Customer looking for luxury villa in Tuwaiq Al-Rajhi area, 450sqm, Saudi building code, warranty, many rooms, high-end finishing, fireplace with bathroom"
+1333172812186,"Customer reiterating specific requirements: Single floor villa in Tuwaiq with fireplace, 4 bedrooms (1 master), shared bathroom, women's majlis, kitchen, storage, dining room, men's majlis with bathroom, separate entrances, Malath code compliance. Family has agreed on these specifications"
+1353222193258,"Customer has very specific requirements after family discussion: Single floor villa in Tuwaiq with fireplace, 4 bedrooms (1 master), shared bathroom for 3 rooms, women's majlis, kitchen, storage, dining room, men's majlis with bathroom, separate entrances for men/women/car, must follow Malath building code"
+198246905524,"Customer requesting direct communication, showing polite and respectful attitude"
+1108950608350,"Customer insists on property in Tuwaiq with fireplace, showing appreciation for assistance"
+1145222210314,Customer specifically looking for ground floor unit in Tuwaiq with fireplace and all previously mentioned specifications
+1331061701248,"Customer looking for a ground floor unit in Tuwaiq with specific layout: fireplace, bathrooms, men's majlis, dining room, 4 bedrooms (1 master + 3 with shared bathroom), women's majlis, separate entrances for men/women/car, courtyard. Wants Saudi building code compliance and artistic decor"
+1165728381472,"Customer interested in properties near Al-Wafa Hypermarket in Tuwaiq, looking for modern design following Saudi building code with good space"
+1200691341568,"Customer looking for a specific layout in Tuwaiq: 1 master bedroom, 3 bedrooms, women's majlis, 2 bathrooms, kitchen, men's majlis, dining room, bathroom, fireplace, car entrance"
+1136851840630,Customer looking for a single floor villa in Tuwaiq neighborhood near Ahmed Al-Khattab Street or Western Tuwaiq Center
+190395054316,"Customer has 20K salary with existing loans, looking to buy property in Riyadh"
+158469131008,Initial contact - awaiting property requirements
+167481475948,User is inquiring about company licensing and legitimacy
+185987647270,User is following up on a previous conversation about rental properties
+151950613024,User is still looking for rental properties
+188234560666,User is returning to continue property search after previous interaction
+189234560584,"Having trouble with coordinates, requesting alternative location guidance"
+196419745180,"Confirmed viewing appointment for two properties in Tuwaiq, first property at 8 PM"
+180703697086,Looking for exact location coordinates to navigate using Google Maps
+176962956652,Looking for floor with annex in Tuwaiq or nearby areas under 900k SAR
+147333329452,Looking for floor with annex under 900k SAR
+155728390492,"Looking for floor with annex, location flexible"
+158987649484,Looking for a upper floor with annex in Tuwaiq area
+152234563618,User initiated conversation with a greeting
+151580242684,User initiated contact seeking information
+173234561896,User is not interested in continuing the search at this moment
+185469128794,Following up with new property suggestions after previous interaction
+180148141576,Customer not interested in viewing the new apartment options shown
+176049376480,Customer requested to see new apartment options after follow up
+195222214414,Second follow up with customer who showed interest in apartments in North Riyadh
+186975301510,Follow up with customer who showed interest in apartments in North Riyadh
+1141160482252,"Customer indicated they will contact later, showed interest in apartments in North Riyadh particularly in Al Narjis area"
+146518514704,Looking for an apartment in North Riyadh
+149370366322,Looking for an apartment in Arqah district
+1123506162712,"Interested in viewing the third option - upper floor with roof apartment in Badr district priced at 650,000 SAR"
+1115814805318,"Looking for an upper floor apartment with external stairs, expanded search beyond Tuwaiq district"
+191061720928,Looking for an upper floor apartment with external stairs in Tuwaiq district
+1114728385654,"Requested to see images of the upper floor with roof apartment in Tuwaiq district priced at 850,000 SAR"
+1127098755010,"Interested in upper floor with roof apartment in Tuwaiq district, specifically looking at the 850,000 SAR option"
+177123450466,Looking for a floor with an apartment upstairs in Tuwaiq district
+179283944116,"Looking for a floor with an apartment upstairs within 700,000 SAR budget"
+152296292008,"Looking for a villa with budget around 700,000 SAR"
+132925923226,Looking for a villa in Riyadh
+121962961162,Looking for a villa
+137999996884,Initial contact requesting help
+1430135767198,"User has shown interest in ظهرة لبن and المهدية neighborhoods. Looking for residential villa with mortgage, budget 100k, property area 250, family size 5"
+146481477670,User no longer needs mortgage financing
+172469129860,User found a suitable property and no longer needs assistance
+149518514458,Asked about payment installments options
+1171333319284,Looking for floor units (ادوار) specifically in Al Malqa neighborhood
+190469128384,Looking for properties in Al Aqiq neighborhood or nearby areas in North Riyadh
+145827156736,Looking for a floor unit in North Riyadh
+145802465380,Looking to buy property in Al Olaya area
+133839503398,User initiated conversation
+189913572874,Interested in viewing details of apartment in Al Taawun district priced at 1.3M
+166666661200,Specifically looking for apartment in Al Taawun district
+153851847436,"Looking for 2-3 bedroom apartment, budget 1-1.3M SAR"
+156086415154,Looking for an apartment through bank financing
+153518514130,Looking for an apartment in Al Taawun district
+133839503398,User initiated conversation
+165962957554,User requested images for property in Al Saadah district
+141580243504,"User specified budget around 700,000 SAR"
+139481478244,User is interested in floor units
+156123452188,User asked about foreign ownership eligibility
+145333329616,User initiated contact with a greeting
+152839501840,Showing villas in North Riyadh neighborhoods
+161802464068,Showing villas in East Riyadh as alternative options
+1105172830882,"Interested in villas in Jeddah, but we only serve Riyadh. Attempting to show Riyadh options"
+126938269396,User initiated contact
+179493820642,User wants to know duplex prices in East Riyadh regardless of budget
+1100259251038,"User is looking for a duplex in East Riyadh with a budget of 900,000 SAR, payment method: cash"
+175209870376,User is interested in duplex properties in other neighborhoods